tool1,tool2,mean_diff,effect_size,p_value,test_used,n_pairs,p_corrected,significant
CENTRIFUGE,Falcon2,-0.08527474462839028,-0.46273803140954556,1.6740745542486037e-24,wilcoxon,167,5.0222236627458115e-24,True
CENTRIFUGE,KRAKEN,0.08096441920081407,0.43156017279808867,1.3654312262295714e-05,wilcoxon,167,1.3654312262295714e-05,True
Falcon2,KRAKEN,0.16623916382920434,0.7079019456363278,1.3141531846799756e-15,wilcoxon,167,1.9712297770199635e-15,True
